{"city08_mean":{"(1984, 'major domestic')":16.9492647059,"(1984, 'major import')":20.4425385935,"(1984, 'other')":16.619047619,"(1985, 'major domestic')":17.1176935229,"(1985, 'major import')":20.1105882353,"(1985, 'other')":19.3,"(1986, 'major domestic')":16.8822829964,"(1986, 'major import')":19.6355932203,"(1986, 'other')":15.0666666667,"(1987, 'major domestic')":16.5291878173,"(1987, 'major import')":18.7720090293,"(1987, 'other')":15.3125,"(1988, 'major domestic')":16.614084507,"(1988, 'major import')":18.6435643564,"(1988, 'other')":16.1875,"(1989, 'major domestic')":16.2738944365,"(1989, 'major import')":18.3020594966,"(1989, 'other')":24.0666666667,"(1990, 'major domestic')":15.8102073365,"(1990, 'major import')":18.3962703963,"(1990, 'other')":25.3181818182,"(1991, 'major domestic')":15.8131147541,"(1991, 'major import')":18.0362473348,"(1991, 'other')":18.2641509434,"(1992, 'major domestic')":15.9298531811,"(1992, 'major import')":17.9886363636,"(1992, 'other')":17.0441176471,"(1993, 'major domestic')":16.1616161616,"(1993, 'major import')":17.8747252747,"(1993, 'other')":19.2272727273,"(1994, 'major domestic')":16.1059479554,"(1994, 'major import')":17.6211764706,"(1994, 'other')":24.2105263158,"(1995, 'major domestic')":15.5748502994,"(1995, 'major import')":17.6965517241,"(1995, 'other')":16.8387096774,"(1996, 'major domestic')":16.0558375635,"(1996, 'major import')":18.3884297521,"(1996, 'other')":22.75,"(1997, 'major domestic')":15.9245810056,"(1997, 'major import')":18.0206185567,"(1997, 'other')":22.75,"(1998, 'major domestic')":16.067357513,"(1998, 'major import')":18.0588235294,"(1998, 'other')":19.0,"(1999, 'major domestic')":16.296,"(1999, 'major import')":18.0378151261,"(1999, 'other')":19.0,"(2000, 'major domestic')":16.1876675603,"(2000, 'major import')":18.0493562232,"(2000, 'other')":17.0,"(2001, 'major domestic')":16.1413612565,"(2001, 'major import')":18.0945179584,"(2002, 'major domestic')":15.6873508353,"(2002, 'major import')":17.8122743682,"(2002, 'other')":15.0,"(2003, 'major domestic')":15.4893617021,"(2003, 'major import')":17.6591276252,"(2003, 'other')":18.0,"(2004, 'major domestic')":15.4720357942,"(2004, 'major import')":17.5807407407,"(2005, 'major domestic')":15.7199124726,"(2005, 'major import')":17.6005665722,"(2005, 'other')":13.0,"(2006, 'major domestic')":15.5863636364,"(2006, 'major import')":17.3358547655,"(2006, 'other')":13.0,"(2007, 'major domestic')":15.8568376068,"(2007, 'major import')":17.1636085627,"(2007, 'other')":13.0,"(2008, 'major domestic')":16.2632696391,"(2008, 'major import')":17.3732394366,"(2008, 'other')":11.0,"(2009, 'major domestic')":16.8030634573,"(2009, 'major import')":17.6749654219,"(2009, 'other')":13.0,"(2010, 'major domestic')":17.7741116751,"(2010, 'major import')":18.2967651195,"(2010, 'other')":14.0,"(2011, 'major domestic')":17.6923076923,"(2011, 'major import')":19.1865771812,"(2011, 'other')":14.25,"(2012, 'major domestic')":17.9166666667,"(2012, 'major import')":19.8128205128,"(2012, 'other')":43.5714285714,"(2013, 'major domestic')":19.6129032258,"(2013, 'major import')":21.0285714286,"(2013, 'other')":50.3333333333,"(2014, 'major domestic')":20.2195767196,"(2014, 'major import')":21.3523809524,"(2014, 'other')":28.6666666667,"(2015, 'major domestic')":21.3333333333,"(2015, 'major import')":21.488027366,"(2015, 'other')":14.0,"(2016, 'major domestic')":23.6231884058,"(2016, 'major import')":21.9988179669,"(2016, 'other')":43.5,"(2017, 'major domestic')":22.9495192308,"(2017, 'major import')":22.663981588,"(2017, 'other')":23.375,"(2018, 'major domestic')":22.6133004926,"(2018, 'major import')":22.5328310011,"(2018, 'other')":21.2307692308,"(2019, 'major domestic')":23.520383693,"(2019, 'major import')":23.3663366337,"(2019, 'other')":17.4117647059,"(2020, 'major domestic')":24.728,"(2020, 'major import')":23.2976744186,"(2020, 'other')":20.9473684211,"(2021, 'major domestic')":23.1516587678,"(2021, 'major import')":24.4976133652,"(2021, 'other')":28.380952381,"(2022, 'major domestic')":23.5714285714,"(2022, 'major import')":26.3657074341,"(2022, 'other')":51.7407407407,"(2023, 'major import')":22.1012658228,"(2023, 'other')":19.0},"manClass_count":{"(1984, 'major domestic')":1360,"(1984, 'major import')":583,"(1984, 'other')":21,"(1985, 'major domestic')":1266,"(1985, 'major import')":425,"(1985, 'other')":10,"(1986, 'major domestic')":841,"(1986, 'major import')":354,"(1986, 'other')":15,"(1987, 'major domestic')":788,"(1987, 'major import')":443,"(1987, 'other')":16,"(1988, 'major domestic')":710,"(1988, 'major import')":404,"(1988, 'other')":16,"(1989, 'major domestic')":701,"(1989, 'major import')":437,"(1989, 'other')":15,"(1990, 'major domestic')":627,"(1990, 'major import')":429,"(1990, 'other')":22,"(1991, 'major domestic')":610,"(1991, 'major import')":469,"(1991, 'other')":53,"(1992, 'major domestic')":613,"(1992, 'major import')":440,"(1992, 'other')":68,"(1993, 'major domestic')":594,"(1993, 'major import')":455,"(1993, 'other')":44,"(1994, 'major domestic')":538,"(1994, 'major import')":425,"(1994, 'other')":19,"(1995, 'major domestic')":501,"(1995, 'major import')":435,"(1995, 'other')":31,"(1996, 'major domestic')":394,"(1996, 'major import')":363,"(1996, 'other')":16,"(1997, 'major domestic')":358,"(1997, 'major import')":388,"(1997, 'other')":16,"(1998, 'major domestic')":386,"(1998, 'major import')":425,"(1998, 'other')":1,"(1999, 'major domestic')":375,"(1999, 'major import')":476,"(1999, 'other')":1,"(2000, 'major domestic')":373,"(2000, 'major import')":466,"(2000, 'other')":1,"(2001, 'major domestic')":382,"(2001, 'major import')":529,"(2002, 'major domestic')":419,"(2002, 'major import')":554,"(2002, 'other')":2,"(2003, 'major domestic')":423,"(2003, 'major import')":619,"(2003, 'other')":2,"(2004, 'major domestic')":447,"(2004, 'major import')":675,"(2005, 'major domestic')":457,"(2005, 'major import')":706,"(2005, 'other')":3,"(2006, 'major domestic')":440,"(2006, 'major import')":661,"(2006, 'other')":3,"(2007, 'major domestic')":468,"(2007, 'major import')":654,"(2007, 'other')":4,"(2008, 'major domestic')":471,"(2008, 'major import')":710,"(2008, 'other')":6,"(2009, 'major domestic')":457,"(2009, 'major import')":723,"(2009, 'other')":1,"(2010, 'major domestic')":394,"(2010, 'major import')":711,"(2010, 'other')":1,"(2011, 'major domestic')":377,"(2011, 'major import')":745,"(2011, 'other')":4,"(2012, 'major domestic')":360,"(2012, 'major import')":780,"(2012, 'other')":7,"(2013, 'major domestic')":372,"(2013, 'major import')":805,"(2013, 'other')":3,"(2014, 'major domestic')":378,"(2014, 'major import')":840,"(2014, 'other')":3,"(2015, 'major domestic')":402,"(2015, 'major import')":877,"(2015, 'other')":1,"(2016, 'major domestic')":414,"(2016, 'major import')":846,"(2016, 'other')":2,"(2017, 'major domestic')":416,"(2017, 'major import')":869,"(2017, 'other')":8,"(2018, 'major domestic')":406,"(2018, 'major import')":929,"(2018, 'other')":13,"(2019, 'major domestic')":417,"(2019, 'major import')":909,"(2019, 'other')":17,"(2020, 'major domestic')":375,"(2020, 'major import')":860,"(2020, 'other')":19,"(2021, 'major domestic')":422,"(2021, 'major import')":838,"(2021, 'other')":21,"(2022, 'major domestic')":427,"(2022, 'major import')":834,"(2022, 'other')":27,"(2023, 'major import')":79,"(2023, 'other')":11},"cylinders_mean":{"(1984, 'major domestic')":5.7632352941,"(1984, 'major import')":4.4922813036,"(1984, 'other')":5.7142857143,"(1985, 'major domestic')":5.6856240126,"(1985, 'major import')":4.4869976359,"(1985, 'other')":4.8,"(1986, 'major domestic')":5.7942925089,"(1986, 'major import')":4.5382436261,"(1986, 'other')":6.0,"(1987, 'major domestic')":5.8236040609,"(1987, 'major import')":4.6817155756,"(1987, 'other')":5.375,"(1988, 'major domestic')":5.9112676056,"(1988, 'major import')":4.7004950495,"(1988, 'other')":4.75,"(1989, 'major domestic')":5.9172610556,"(1989, 'major import')":4.8352402746,