{
    "city08_mean": {
        "(1984, 'major domestic')": 16.9492647059,
        "(1984, 'major import')": 20.4425385935,
        "(1985, 'major domestic')": 17.1176935229,
        "(1985, 'major import')": 20.1105882353,
        "(1986, 'major domestic')": 16.8822829964,
        "(1986, 'major import')": 19.6355932203,
        "(1987, 'major domestic')": 16.5291878173,
        "(1987, 'major import')": 18.7720090293,
        "(1988, 'major domestic')": 16.614084507,
        "(1988, 'major import')": 18.6435643564,
        "(1989, 'major domestic')": 16.2738944365,
        "(1989, 'major import')": 18.3020594966,
        "(1990, 'major domestic')": 15.8102073365,
        "(1990, 'major import')": 18.3962703963,
        "(1991, 'major domestic')": 15.8131147541,
        "(1991, 'major import')": 18.0362473348,
        "(1992, 'major domestic')": 15.9298531811,
        "(1992, 'major import')": 17.9886363636,
        "(1993, 'major domestic')": 16.1616161616,
        "(1993, 'major import')": 17.8747252747,
        "(1994, 'major domestic')": 16.1059479554,
        "(1994, 'major import')": 17.6211764706,
        "(1995, 'major domestic')": 15.5748502994,
        "(1995, 'major import')": 17.6965517241,
        "(1996, 'major domestic')": 16.0558375635,
        "(1996, 'major import')": 18.3884297521,
        "(1997, 'major domestic')": 15.9245810056,
        "(1997, 'major import')": 18.0206185567,
        "(1998, 'major domestic')": 16.067357513,
        "(1998, 'major import')": 18.0588235294,
        "(1999, 'major domestic')": 16.296,
        "(1999, 'major import')": 18.0378151261,
        "(2000, 'major domestic')": 16.1876675603,
        "(2000, 'major import')": 18.0493562232,
        "(2001, 'major domestic')": 16.1413612565,
        "(2001, 'major import')": 18.0945179584,
        "(2002, 'major domestic')": 15.6873508353,
        "(2002, 'major import')": 17.8122743682,
        "(2003, 'major domestic')": 15.4893617021,
        "(2003, 'major import')": 17.6591276252,
        "(2004, 'major domestic')": 15.4720357942,
        "(2004, 'major import')": 17.5807407407,
        "(2005, 'major domestic')": 15.7199124726,
        "(2005, 'major import')": 17.6005665722,
        "(2006, 'major domestic')": 15.5863636364,
        "(2006, 'major import')": 17.3358547655,
        "(2007, 'major domestic')": 15.8568376068,
        "(2007, 'major import')": 17.1636085627,
        "(2008, 'major domestic')": 16.2632696391,
        "(2008, 'major import')": 17.3732394366,
        "(2009, 'major domestic')": 16.8030634573,
        "(2009, 'major import')": 17.6749654219,
        "(2010, 'major domestic')": 17.7741116751,
        "(2010, 'major import')": 18.2967651195,
        "(2011, 'major domestic')": 17.6923076923,
        "(2011, 'major import')": 19.1865771812,
        "(2012, 'major domestic')": 17.9166666667,
        "(2012, 'major import')": 19.8128205128,
        "(2013, 'major domestic')": 19.6129032258,
        "(2013, 'major import')": 21.0285714286,
        "(2014, 'major domestic')": 20.2195767196,
        "(2014, 'major import')": 21.3523809524,
        "(2015, 'major domestic')": 21.3333333333,
        "(2015, 'major import')": 21.488027366,
        "(2016, 'major domestic')": 23.6231884058,
        "(2016, 'major import')": 21.9988179669,
        "(2017, 'major domestic')": 22.9495192308,
        "(2017, 'major import')": 22.663981588,
        "(2018, 'major domestic')": 22.6133004926,
        "(2018, 'major import')": 22.5328310011,
        "(2019, 'major domestic')": 23.520383693,
        "(2019, 'major import')": 23.3663366337,
        "(2020, 'major domestic')": 24.728,
        "(2020, 'major import')": 23.2976744186,
        "(2021, 'major domestic')": 23.1516587678,
        "(2021, 'major import')": 24.4976133652,
        "(2022, 'major domestic')": 23.5714285714,
        "(2022, 'major import')": 26.3657074341,
        "(2023, 'major import')": 22.1012658228
    },
    "manClass_count": {
        "(1984, 'major domestic')": 1360,
        "(1984, 'major import')": 583,
        "(1985, 'major domestic')": 1266,
        "(1985, 'major import')": 425,
        "(1986, 'major domestic')": 841,
        "(1986, 'major import')": 354,
        "(1987, 'major domestic')": 788,
        "(1987, 'major import')": 443,
        "(1988, 'major domestic')": 710,
        "(1988, 'major import')": 404,
        "(1989, 'major domestic')": 701,
        "(1989, 'major import')": 437,
        "(1990, 'major domestic')": 627,
        "(1990, 'major import')": 429,
        "(1991, 'major domestic')": 610,
        "(1991, 'major import')": 469,
        "(1992, 'major domestic')": 613,
        "(1992, 'major import')": 440,
        "(1993, 'major domestic')": 594,
        "(1993, 'major import')": 455,
        "(1994, 'major domestic')": 538,
        "(1994, 'major import')": 425,
        "(1995, 'major domestic')": 501,
        "(1995, 'major import')": 435,
        "(1996, 'major domestic')": 394,
        "(1996, 'major import')": 363,
        "(1997, 'major domestic')": 358,
        "(1997, 'major import')": 388,
        "(1998, 'major domestic')": 386,
        "(1998, 'major import')": 425,
        "(1999, 'major domestic')": 375,
        "(1999, 'major import')": 476,
        "(2000, 'major domestic')": 373,
        "(2000, 'major import')": 466,
        "(2001, 'major domestic')": 382,
        "(2001, 'major import')": 529,
        "(2002, 'major domestic')": 419,
        "(2002, 'major import')": 554,
        "(2003, 'major domestic')": 423,
        "(2003, 'major import')": 619,
        "(2004, 'major domestic')": 447,
        "(2004, 'major import')": 675,
        "(2005, 'major domestic')": 457,
        "(2005, 'major import')": 706,
        "(2006, 'major domestic')": 440,
        "(2006, 'major import')": 661,
        "(2007, 'major domestic')": 468,
        "(2007, 'major import')": 654,
        "(2008, 'major domestic')": 471,
        "(2008, 'major import')": 710,
        "(2009, 'major domestic')": 457,
        "(2009, 'major import')": 723,
        "(2010, 'major domestic')": 394,
        "(2010, 'major import')": 711,
        "(2011, 'major domestic')": 377,
        "(2011, 'major import')": 745,
        "(2012, 'major domestic')": 360,
        "(2012, 'major import')": 780,
        "(2013, 'major domestic')": 372,
        "(2013, 'major import')": 805,
        "(2014, 'major domestic')": 378,
        "(2014, 'major import')": 840,
        "(2015, 'major domestic')": 402,
        "(2015, 'major import')": 877,
        "(2016, 'major domestic')": 414,
        "(2016, 'major import')": 846,
        "(2017, 'major domestic')": 416,
        "(2017, 'major import')": 869,
        "(2018, 'major domestic')": 406,
        "(2018, 'major import')": 929,
        "(2019, 'major domestic')": 417,
        "(2019, 'major import')": 909,
        "(2020, 'major domestic')": 375,
        "(2020, 'major import')": 860,
        "(2021, 'major domestic')": 422,
        "(2021, 'major import')": 838,
        "(2022, 'major domestic')": 427,
        "(2022, 'major import')": 834,
        "(2023, 'major import')": 79
    },
    "cylinders_mean": {
        "(1984, 'major domestic')": 5.7632352941,
        "(1984, 'major import')": 4.4922813036,
        "(1985, 'major domestic')": 5.6856240126,
        "(1985, 'major import')": 4.4869976359,
        "(1986, 'major domestic')": 5.7942925089,
        "(1986, 'major import')": 4.5382436261,
        "(1987, 'major domestic')": 5.8236040609,
        "(1987, 'major import')": 4.6817155756,
        "(1988, 'major domestic')": 5.9112676056,
        "(1988, 'major import')": 4.7004950495,
        "(1989, 'major domestic')": 5.9172610556,
        "(1989, 'major import')": 4.8352402746,
        "(1990, 'major domestic')": 6.0542264753,
        "(1990, 'major import')": 4.7552447552,
        "(1991, 'major domestic')": 6.137704918,
        "(1991, 'major import')": 4.9061833689,